PRAGMA foreign_keys=OFF;
BEGIN TRANSACTION;
CREATE TABLE IF NOT EXISTS "django_migrations" ("id" integer NOT NULL PRIMARY KEY AUTOINCREMENT, "app" varchar(255) NOT NULL, "name" varchar(255) NOT NULL, "applied" datetime NOT NULL);
INSERT INTO django_migrations VALUES(1,'contenttypes','0001_initial','2024-03-05 20:35:29.268488');
INSERT INTO django_migrations VALUES(2,'contenttypes','0002_remove_content_type_name','2024-03-05 20:35:29.414400');
INSERT INTO django_migrations VALUES(3,'auth','0001_initial','2024-03-05 20:35:29.524334');
INSERT INTO django_migrations VALUES(4,'auth','0002_alter_permission_name_max_length','2024-03-05 20:35:29.635264');
INSERT INTO django_migrations VALUES(5,'auth','0003_alter_user_email_max_length','2024-03-05 20:35:29.658250');
INSERT INTO django_migrations VALUES(6,'auth','0004_alter_user_username_opts','2024-03-05 20:35:29.683234');
INSERT INTO django_migrations VALUES(7,'auth','0005_alter_user_last_login_null','2024-03-05 20:35:29.709218');
INSERT INTO django_migrations VALUES(8,'auth','0006_require_contenttypes_0002','2024-03-05 20:35:29.724208');
INSERT INTO django_migrations VALUES(9,'auth','0007_alter_validators_add_error_messages','2024-03-05 20:35:29.749195');
INSERT INTO django_migrations VALUES(10,'auth','0008_alter_user_username_max_length','2024-03-05 20:35:29.781174');
INSERT INTO django_migrations VALUES(11,'auth','0009_alter_user_last_name_max_length','2024-03-05 20:35:29.811155');
INSERT INTO django_migrations VALUES(12,'auth','0010_alter_group_name_max_length','2024-03-05 20:35:29.936078');
INSERT INTO django_migrations VALUES(13,'auth','0011_update_proxy_permissions','2024-03-05 20:35:29.955066');
INSERT INTO django_migrations VALUES(14,'auth','0012_alter_user_first_name_max_length','2024-03-05 20:35:29.976055');
INSERT INTO django_migrations VALUES(15,'newmamapesa','0001_initial','2024-03-05 20:35:30.283863');
INSERT INTO django_migrations VALUES(16,'admin','0001_initial','2024-03-05 20:35:30.580194');
INSERT INTO django_migrations VALUES(17,'admin','0002_logentry_remove_auto_add','2024-03-05 20:35:30.639155');
INSERT INTO django_migrations VALUES(18,'admin','0003_logentry_add_action_flag_choices','2024-03-05 20:35:30.758083');
INSERT INTO django_migrations VALUES(19,'authtoken','0001_initial','2024-03-05 20:35:30.892998');
INSERT INTO django_migrations VALUES(20,'authtoken','0002_auto_20160226_1747','2024-03-05 20:35:31.195813');
INSERT INTO django_migrations VALUES(21,'authtoken','0003_tokenproxy','2024-03-05 20:35:31.216799');
INSERT INTO django_migrations VALUES(22,'newmamapesa','0002_customuser_loan_owed_loan_loanrepayment_and_more','2024-03-05 20:35:31.669520');
INSERT INTO django_migrations VALUES(23,'newmamapesa','0003_alter_customuser_options_alter_savings_options_and_more','2024-03-05 20:35:32.292136');
INSERT INTO django_migrations VALUES(24,'sessions','0001_initial','2024-03-05 20:35:32.323118');
INSERT INTO django_migrations VALUES(25,'newmamapesa','0004_alter_savingstransaction_options_and_more','2024-03-06 03:32:22.439179');
CREATE TABLE IF NOT EXISTS "django_content_type" ("id" integer NOT NULL PRIMARY KEY AUTOINCREMENT, "app_label" varchar(100) NOT NULL, "model" varchar(100) NOT NULL);
INSERT INTO django_content_type VALUES(1,'admin','logentry');
INSERT INTO django_content_type VALUES(2,'auth','permission');
INSERT INTO django_content_type VALUES(3,'auth','group');
INSERT INTO django_content_type VALUES(4,'contenttypes','contenttype');
INSERT INTO django_content_type VALUES(5,'sessions','session');
INSERT INTO django_content_type VALUES(6,'newmamapesa','item');
INSERT INTO django_content_type VALUES(7,'newmamapesa','paymentmethod');
INSERT INTO django_content_type VALUES(8,'newmamapesa','customuser');
INSERT INTO django_content_type VALUES(9,'newmamapesa','savings');
INSERT INTO django_content_type VALUES(10,'newmamapesa','savingsitem');
INSERT INTO django_content_type VALUES(11,'newmamapesa','savingstransaction');
INSERT INTO django_content_type VALUES(12,'newmamapesa','trustscore');
INSERT INTO django_content_type VALUES(13,'newmamapesa','loan');
INSERT INTO django_content_type VALUES(14,'newmamapesa','loanrepayment');
INSERT INTO django_content_type VALUES(15,'newmamapesa','loantransaction');
INSERT INTO django_content_type VALUES(16,'authtoken','token');
INSERT INTO django_content_type VALUES(17,'authtoken','tokenproxy');
CREATE TABLE IF NOT EXISTS "auth_group_permissions" ("id" integer NOT NULL PRIMARY KEY AUTOINCREMENT, "group_id" integer NOT NULL REFERENCES "auth_group" ("id") DEFERRABLE INITIALLY DEFERRED, "permission_id" integer NOT NULL REFERENCES "auth_permission" ("id") DEFERRABLE INITIALLY DEFERRED);
CREATE TABLE IF NOT EXISTS "auth_permission" ("id" integer NOT NULL PRIMARY KEY AUTOINCREMENT, "content_type_id" integer NOT NULL REFERENCES "django_content_type" ("id") DEFERRABLE INITIALLY DEFERRED, "codename" varchar(100) NOT NULL, "name" varchar(255) NOT NULL);
INSERT INTO auth_permission VALUES(1,1,'add_logentry','Can add log entry');
INSERT INTO auth_permission VALUES(2,1,'change_logentry','Can change log entry');
INSERT INTO auth_permission VALUES(3,1,'delete_logentry','Can delete log entry');
INSERT INTO auth_permission VALUES(4,1,'view_logentry','Can view log entry');
INSERT INTO auth_permission VALUES(5,2,'add_permission','Can add permission');
INSERT INTO auth_permission VALUES(6,2,'change_permission','Can change permission');
INSERT INTO auth_permission VALUES(7,2,'delete_permission','Can delete permission');
INSERT INTO auth_permission VALUES(8,2,'view_permission','Can view permission');
INSERT INTO auth_permission VALUES(9,3,'add_group','Can add group');
INSERT INTO auth_permission VALUES(10,3,'change_group','Can change group');
INSERT INTO auth_permission VALUES(11,3,'delete_group','Can delete group');
INSERT INTO auth_permission VALUES(12,3,'view_group','Can view group');
INSERT INTO auth_permission VALUES(13,4,'add_contenttype','Can add content type');
INSERT INTO auth_permission VALUES(14,4,'change_contenttype','Can change content type');
INSERT INTO auth_permission VALUES(15,4,'delete_contenttype','Can delete content type');
INSERT INTO auth_permission VALUES(16,4,'view_contenttype','Can view content type');
INSERT INTO auth_permission VALUES(17,5,'add_session','Can add session');
INSERT INTO auth_permission VALUES(18,5,'change_session','Can change session');
INSERT INTO auth_permission VALUES(19,5,'delete_session','Can delete session');
INSERT INTO auth_permission VALUES(20,5,'view_session','Can view session');
INSERT INTO auth_permission VALUES(21,6,'add_item','Can add item');
INSERT INTO auth_permission VALUES(22,6,'change_item','Can change item');
INSERT INTO auth_permission VALUES(23,6,'delete_item','Can delete item');
INSERT INTO auth_permission VALUES(24,6,'view_item','Can view item');
INSERT INTO auth_permission VALUES(25,7,'add_paymentmethod','Can add payment method');
INSERT INTO auth_permission VALUES(26,7,'change_paymentmethod','Can change payment method');
INSERT INTO auth_permission VALUES(27,7,'delete_paymentmethod','Can delete payment method');
INSERT INTO auth_permission VALUES(28,7,'view_paymentmethod','Can view payment method');
INSERT INTO auth_permission VALUES(29,8,'add_customuser','Can add custom user');
INSERT INTO auth_permission VALUES(30,8,'change_customuser','Can change custom user');
INSERT INTO auth_permission VALUES(31,8,'delete_customuser','Can delete custom user');
INSERT INTO auth_permission VALUES(32,8,'view_customuser','Can view custom user');
INSERT INTO auth_permission VALUES(33,9,'add_savings','Can add savings');
INSERT INTO auth_permission VALUES(34,9,'change_savings','Can change savings');
INSERT INTO auth_permission VALUES(35,9,'delete_savings','Can delete savings');
INSERT INTO auth_permission VALUES(36,9,'view_savings','Can view savings');
INSERT INTO auth_permission VALUES(37,10,'add_savingsitem','Can add savings item');
INSERT INTO auth_permission VALUES(38,10,'change_savingsitem','Can change savings item');
INSERT INTO auth_permission VALUES(39,10,'delete_savingsitem','Can delete savings item');
INSERT INTO auth_permission VALUES(40,10,'view_savingsitem','Can view savings item');
INSERT INTO auth_permission VALUES(41,11,'add_savingstransaction','Can add savings transaction');
INSERT INTO auth_permission VALUES(42,11,'change_savingstransaction','Can change savings transaction');
INSERT INTO auth_permission VALUES(43,11,'delete_savingstransaction','Can delete savings transaction');
INSERT INTO auth_permission VALUES(44,11,'view_savingstransaction','Can view savings transaction');
INSERT INTO auth_permission VALUES(45,12,'add_trustscore','Can add trust score');
INSERT INTO auth_permission VALUES(46,12,'change_trustscore','Can change trust score');
INSERT INTO auth_permission VALUES(47,12,'delete_trustscore','Can delete trust score');
INSERT INTO auth_permission VALUES(48,12,'view_trustscore','Can view trust score');
INSERT INTO auth_permission VALUES(49,13,'add_loan','Can add loan');
INSERT INTO auth_permission VALUES(50,13,'change_loan','Can change loan');
INSERT INTO auth_permission VALUES(51,13,'delete_loan','Can delete loan');
INSERT INTO auth_permission VALUES(52,13,'view_loan','Can view loan');
INSERT INTO auth_permission VALUES(53,14,'add_loanrepayment','Can add loan repayment');
INSERT INTO auth_permission VALUES(54,14,'change_loanrepayment','Can change loan repayment');
INSERT INTO auth_permission VALUES(55,14,'delete_loanrepayment','Can delete loan repayment');
INSERT INTO auth_permission VALUES(56,14,'view_loanrepayment','Can view loan repayment');
INSERT INTO auth_permission VALUES(57,15,'add_loantransaction','Can add loan transaction');
INSERT INTO auth_permission VALUES(58,15,'change_loantransaction','Can change loan transaction');
INSERT INTO auth_permission VALUES(59,15,'delete_loantransaction','Can delete loan transaction');
INSERT INTO auth_permission VALUES(60,15,'view_loantransaction','Can view loan transaction');
INSERT INTO auth_permission VALUES(61,16,'add_token','Can add Token');
INSERT INTO auth_permission VALUES(62,16,'change_token','Can change Token');
INSERT INTO auth_permission VALUES(63,16,'delete_token','Can delete Token');
INSERT INTO auth_permission VALUES(64,16,'view_token','Can view Token');
INSERT INTO auth_permission VALUES(65,17,'add_tokenproxy','Can add token');
INSERT INTO auth_permission VALUES(66,17,'change_tokenproxy','Can change token');
INSERT INTO auth_permission VALUES(67,17,'delete_tokenproxy','Can delete token');
INSERT INTO auth_permission VALUES(68,17,'view_tokenproxy','Can view token');
CREATE TABLE IF NOT EXISTS "auth_group" ("id" integer NOT NULL PRIMARY KEY AUTOINCREMENT, "name" varchar(150) NOT NULL UNIQUE);
CREATE TABLE IF NOT EXISTS "Items" ("id" integer NOT NULL PRIMARY KEY AUTOINCREMENT, "name" varchar(255) NOT NULL, "loan_count" integer NOT NULL, "price" decimal NOT NULL, "description" text NULL, "in_stock" bool NOT NULL, "image" varchar(100) NULL);
INSERT INTO Items VALUES(1,'Office Chair',0,10000,'An item called Office Chair',1,'');
CREATE TABLE IF NOT EXISTS "Payment_methods" ("id" integer NOT NULL PRIMARY KEY AUTOINCREMENT, "name" varchar(30) NOT NULL, "description" text NOT NULL, "icon" varchar(100) NULL, "active" bool NOT NULL, "created_at" datetime NOT NULL, "updated_at" datetime NOT NULL);
CREATE TABLE IF NOT EXISTS "Users_groups" ("id" integer NOT NULL PRIMARY KEY AUTOINCREMENT, "customuser_id" bigint NOT NULL REFERENCES "Users" ("id") DEFERRABLE INITIALLY DEFERRED, "group_id" integer NOT NULL REFERENCES "auth_group" ("id") DEFERRABLE INITIALLY DEFERRED);
CREATE TABLE IF NOT EXISTS "Users_user_permissions" ("id" integer NOT NULL PRIMARY KEY AUTOINCREMENT, "customuser_id" bigint NOT NULL REFERENCES "Users" ("id") DEFERRABLE INITIALLY DEFERRED, "permission_id" integer NOT NULL REFERENCES "auth_permission" ("id") DEFERRABLE INITIALLY DEFERRED);
CREATE TABLE IF NOT EXISTS "Savings_Items" ("id" integer NOT NULL PRIMARY KEY AUTOINCREMENT, "target_amount" decimal NOT NULL, "amount_saved" decimal NOT NULL, "start_date" date NOT NULL, "due_date" date NULL, "achieved" bool NOT NULL, "in_progress" bool NOT NULL, "saving_period" integer NOT NULL, "is_suspended" bool NOT NULL, "item_id" bigint NOT NULL REFERENCES "Items" ("id") DEFERRABLE INITIALLY DEFERRED, "savings_id" bigint NOT NULL REFERENCES "Savings_Accounts" ("id") DEFERRABLE INITIALLY DEFERRED);
INSERT INTO Savings_Items VALUES(1,10000,0,'2024-03-05','2024-06-03',0,1,90,0,1,1);
CREATE TABLE IF NOT EXISTS "Savings_Accounts" ("id" integer NOT NULL PRIMARY KEY AUTOINCREMENT, "amount_saved" decimal NOT NULL, "start_date" date NOT NULL, "is_active" bool NOT NULL, "created_at" datetime NOT NULL, "updated_at" datetime NOT NULL, "user_id" bigint NOT NULL UNIQUE REFERENCES "Users" ("id") DEFERRABLE INITIALLY DEFERRED);
INSERT INTO Savings_Accounts VALUES(1,0,'2024-03-05',1,'2024-03-05 20:36:15.082164','2024-03-05 21:44:30.985863',1);
CREATE TABLE IF NOT EXISTS "savings_transactions" ("id" integer NOT NULL PRIMARY KEY AUTOINCREMENT, "type" varchar(25) NOT NULL, "amount" decimal NOT NULL, "timestamp" datetime NOT NULL, "payment_method_id" bigint NULL REFERENCES "Payment_methods" ("id") DEFERRABLE INITIALLY DEFERRED, "savings_item_id" bigint NOT NULL REFERENCES "Savings_Items" ("id") DEFERRABLE INITIALLY DEFERRED);
CREATE TABLE IF NOT EXISTS "TrustScore" ("id" integer NOT NULL PRIMARY KEY AUTOINCREMENT, "score" integer NOT NULL, "is_blacklisted" bool NOT NULL, "comment" text NULL, "timestamp" datetime NOT NULL, "user_id" bigint NOT NULL REFERENCES "Users" ("id") DEFERRABLE INITIALLY DEFERRED);
CREATE TABLE IF NOT EXISTS "django_admin_log" ("id" integer NOT NULL PRIMARY KEY AUTOINCREMENT, "object_id" text NULL, "object_repr" varchar(200) NOT NULL, "action_flag" smallint unsigned NOT NULL CHECK ("action_flag" >= 0), "change_message" text NOT NULL, "content_type_id" integer NULL REFERENCES "django_content_type" ("id") DEFERRABLE INITIALLY DEFERRED, "user_id" bigint NOT NULL REFERENCES "Users" ("id") DEFERRABLE INITIALLY DEFERRED, "action_time" datetime NOT NULL);
CREATE TABLE IF NOT EXISTS "authtoken_token" ("key" varchar(40) NOT NULL PRIMARY KEY, "created" datetime NOT NULL, "user_id" bigint NOT NULL UNIQUE REFERENCES "Users" ("id") DEFERRABLE INITIALLY DEFERRED);
INSERT INTO authtoken_token VALUES('2f400de306471b44036a54cada7aa1467881e5a3','2024-03-05 20:36:14.993220',1);
CREATE TABLE IF NOT EXISTS "Users" ("id" integer NOT NULL PRIMARY KEY AUTOINCREMENT, "password" varchar(128) NOT NULL, "last_login" datetime NULL, "is_superuser" bool NOT NULL, "username" varchar(150) NOT NULL UNIQUE, "first_name" varchar(150) NOT NULL, "last_name" varchar(150) NOT NULL, "is_staff" bool NOT NULL, "is_active" bool NOT NULL, "date_joined" datetime NOT NULL, "phonenumber" varchar(15) NULL, "idnumber" varchar(20) NULL UNIQUE, "email" varchar(254) NULL, "created_at" datetime NOT NULL, "updated_at" datetime NOT NULL, "loan_limit" decimal NOT NULL, "interest_rate" decimal NOT NULL, "loan_owed" decimal NOT NULL);
INSERT INTO Users VALUES(1,'pbkdf2_sha256$720000$bLyT59axAKSN9rpaiN657g$K/EHYrDaq1MB1GoP7BUTHunNSCBnmbSG2OoSuYnuurM=','2024-03-06 03:12:09.854179',1,'sam','','',1,1,'2024-03-05 20:36:12.082955',NULL,NULL,'sammymaiko721@gmail.com','2024-03-05 20:36:14.979228','2024-03-05 20:36:14.979228',8000,5,0);
CREATE TABLE IF NOT EXISTS "Loans" ("id" integer NOT NULL PRIMARY KEY AUTOINCREMENT, "amount" decimal NOT NULL, "purpose" text NULL, "interest_rate" decimal NOT NULL, "loan_duration" integer NOT NULL, "application_date" date NOT NULL, "due_date" date NULL, "repaid_amount" decimal NOT NULL, "is_approved" bool NOT NULL, "is_active" bool NOT NULL, "disbursed" bool NOT NULL, "grace_period" integer NOT NULL, "grace_period_end_date" date NULL, "late_payment_penalty_rate" decimal NOT NULL, "collateral" varchar(100) NULL, "amount_disbursed" decimal NULL, "created_at" datetime NOT NULL, "updated_at" datetime NOT NULL, "user_id" bigint NOT NULL REFERENCES "Users" ("id") DEFERRABLE INITIALLY DEFERRED);
CREATE TABLE IF NOT EXISTS "Loan_Repayments" ("id" integer NOT NULL PRIMARY KEY AUTOINCREMENT, "amount_paid" decimal NOT NULL, "payment_date" datetime NULL, "loan_id" bigint NOT NULL REFERENCES "Loans" ("id") DEFERRABLE INITIALLY DEFERRED);
CREATE TABLE IF NOT EXISTS "Loan_Transactions" ("id" integer NOT NULL PRIMARY KEY AUTOINCREMENT, "type" varchar(20) NOT NULL, "amount" decimal NOT NULL, "description" text NULL, "timestamp" datetime NOT NULL, "is_successful" bool NOT NULL, "loan_id" bigint NULL REFERENCES "Loans" ("id") DEFERRABLE INITIALLY DEFERRED, "user_id" bigint NOT NULL REFERENCES "Users" ("id") DEFERRABLE INITIALLY DEFERRED);
CREATE TABLE IF NOT EXISTS "django_session" ("session_key" varchar(40) NOT NULL PRIMARY KEY, "session_data" text NOT NULL, "expire_date" datetime NOT NULL);
INSERT INTO django_session VALUES('i9fldqk85ygw83dwrrhgv6znsgeu1xg9','.eJxVjEEOwiAQRe_C2pAZCi26dN8zkBmYStVAUtqV8e7apAvd_vfef6lA25rD1mQJc1IXher0uzHFh5QdpDuVW9WxlnWZWe-KPmjTY03yvB7u30Gmlr91lxiAjYBhBn8WRoApQoe2l0gTkzUyGGTvwBEZ7KkbPFtyKNYJJ_X-AOqlOCQ:1rhcQl:L1I_C3VhbJXKN4Fz9X8MmUN2Op9_dUA6A5_c9x9mLjQ','2024-03-19 21:34:35.264905');
INSERT INTO django_session VALUES('qz3glbsx5fhb34roa48bknpum5dbs39c','.eJxVjEEOwiAQRe_C2pAZCi26dN8zkBmYStVAUtqV8e7apAvd_vfef6lA25rD1mQJc1IXher0uzHFh5QdpDuVW9WxlnWZWe-KPmjTY03yvB7u30Gmlr91lxiAjYBhBn8WRoApQoe2l0gTkzUyGGTvwBEZ7KkbPFtyKNYJJ_X-AOqlOCQ:1rhhhR:nFSf6MqBdsLqJEhU-2SXf8MoVBcBqFbyt8kJCI-4vLk','2024-03-20 03:12:09.877162');
DELETE FROM sqlite_sequence;
INSERT INTO sqlite_sequence VALUES('django_migrations',25);
INSERT INTO sqlite_sequence VALUES('django_content_type',17);
INSERT INTO sqlite_sequence VALUES('auth_permission',68);
INSERT INTO sqlite_sequence VALUES('auth_group',0);
INSERT INTO sqlite_sequence VALUES('Savings_Accounts',1);
INSERT INTO sqlite_sequence VALUES('django_admin_log',0);
INSERT INTO sqlite_sequence VALUES('Users',1);
INSERT INTO sqlite_sequence VALUES('Items',1);
INSERT INTO sqlite_sequence VALUES('Savings_Items',1);
CREATE UNIQUE INDEX "django_content_type_app_label_model_76bd3d3b_uniq" ON "django_content_type" ("app_label", "model");
CREATE UNIQUE INDEX "auth_group_permissions_group_id_permission_id_0cd325b0_uniq" ON "auth_group_permissions" ("group_id", "permission_id");
CREATE INDEX "auth_group_permissions_group_id_b120cbf9" ON "auth_group_permissions" ("group_id");
CREATE INDEX "auth_group_permissions_permission_id_84c5c92e" ON "auth_group_permissions" ("permission_id");
CREATE UNIQUE INDEX "auth_permission_content_type_id_codename_01ab375a_uniq" ON "auth_permission" ("content_type_id", "codename");
CREATE INDEX "auth_permission_content_type_id_2f476e4b" ON "auth_permission" ("content_type_id");
CREATE UNIQUE INDEX "newmamapesa_customuser_groups_customuser_id_group_id_85bfa94e_uniq" ON "Users_groups" ("customuser_id", "group_id");
CREATE INDEX "newmamapesa_customuser_groups_customuser_id_04cd9439" ON "Users_groups" ("customuser_id");
CREATE INDEX "newmamapesa_customuser_groups_group_id_a04574cd" ON "Users_groups" ("group_id");
CREATE UNIQUE INDEX "newmamapesa_customuser_user_permissions_customuser_id_permission_id_e2a0e4a9_uniq" ON "Users_user_permissions" ("customuser_id", "permission_id");
CREATE INDEX "newmamapesa_customuser_user_permissions_customuser_id_46a8c389" ON "Users_user_permissions" ("customuser_id");
CREATE INDEX "newmamapesa_customuser_user_permissions_permission_id_22dc482a" ON "Users_user_permissions" ("permission_id");
CREATE UNIQUE INDEX "newmamapesa_savingsitem_savings_id_item_id_ce6c1c34_uniq" ON "Savings_Items" ("savings_id", "item_id");
CREATE INDEX "newmamapesa_savingsitem_item_id_8b8e7c6f" ON "Savings_Items" ("item_id");
CREATE INDEX "newmamapesa_savingsitem_savings_id_399a4e63" ON "Savings_Items" ("savings_id");
CREATE INDEX "savings_transactions_payment_method_id_0c60f973" ON "savings_transactions" ("payment_method_id");
CREATE INDEX "savings_transactions_savings_item_id_3b785cf6" ON "savings_transactions" ("savings_item_id");
CREATE INDEX "newmamapesa_trustscore_user_id_f413b9bc" ON "TrustScore" ("user_id");
CREATE INDEX "django_admin_log_content_type_id_c4bce8eb" ON "django_admin_log" ("content_type_id");
CREATE INDEX "django_admin_log_user_id_c564eba6" ON "django_admin_log" ("user_id");
CREATE INDEX "newmamapesa_loan_user_id_85d7e9a9" ON "Loans" ("user_id");
CREATE INDEX "newmamapesa_loanrepayment_loan_id_ce11c7ce" ON "Loan_Repayments" ("loan_id");
CREATE INDEX "newmamapesa_loantransaction_loan_id_7b010bb4" ON "Loan_Transactions" ("loan_id");
CREATE INDEX "newmamapesa_loantransaction_user_id_51d7c4c8" ON "Loan_Transactions" ("user_id");
CREATE INDEX "django_session_expire_date_a5c62663" ON "django_session" ("expire_date");
COMMIT;
